file1,file2
input/4A/101036360.cpp,input/4A/134841308.cpp
input/4A/101036360.cpp,input/4A/84822638.cpp
input/4A/101036360.cpp,input/4A/117364748.cpp
input/4A/101036360.cpp,input/4A/173077807.cpp
input/4A/101036360.cpp,input/4A/48762087.cpp
input/4A/101036360.cpp,input/4A/84822639.cpp
input/4A/101036360.cpp,input/4A/127473352.cpp
input/4A/134841308.cpp,input/4A/84822638.cpp
input/4A/134841308.cpp,input/4A/117364748.cpp
input/4A/134841308.cpp,input/4A/173077807.cpp
input/4A/134841308.cpp,input/4A/48762087.cpp
input/4A/134841308.cpp,input/4A/84822639.cpp
input/4A/84822638.cpp,input/4A/117364748.cpp
input/4A/84822638.cpp,input/4A/48762087.cpp
input/4A/84822638.cpp,input/4A/127473352.cpp
input/4A/117364748.cpp,input/4A/173077807.cpp
input/4A/117364748.cpp,input/4A/48762087.cpp
input/4A/117364748.cpp,input/4A/84822639.cpp
input/4A/117364748.cpp,input/4A/127473352.cpp
input/4A/173077807.cpp,input/4A/48762087.cpp
input/4A/173077807.cpp,input/4A/127473352.cpp
input/4A/48762087.cpp,input/4A/84822639.cpp
input/4A/48762087.cpp,input/4A/127473352.cpp
input/4A/84822639.cpp,input/4A/127473352.cpp
